{"IcoMoonType":"selection","icons":[{"icon":{"paths":["M438.857 449.143h414.286c4 22.286 6.857 44 6.857 73.143 0 250.286-168 428.571-421.143 428.571-242.857 0-438.857-196-438.857-438.857s196-438.857 438.857-438.857c118.286 0 217.714 43.429 294.286 114.857l-119.429 114.857c-32.571-31.429-89.714-68-174.857-68-149.714 0-272 124-272 277.143s122.286 277.143 272 277.143c173.714 0 238.857-124.571 249.143-189.143h-249.143v-150.857z"],"width":860.0137142857142,"attrs":[],"isMulticolor":false,"isMulticolor2":false,"tags":["google"],"defaultCode":61856,"grid":14},"attrs":[],"properties":{"name":"google","id":376,"order":1569,"prevSize":28,"code":61856},"setIdx":1,"setId":3,"iconIdx":376},{"icon":{"paths":["M829.143 73.143c26.857 0 48.571 21.714 48.571 48.571v780.571c0 26.857-21.714 48.571-48.571 48.571h-223.429v-340h113.714l17.143-132.571h-130.857v-84.571c0-38.286 10.286-64 65.714-64l69.714-0.571v-118.286c-12-1.714-53.714-5.143-101.714-5.143-101.143 0-170.857 61.714-170.857 174.857v97.714h-114.286v132.571h114.286v340h-420c-26.857 0-48.571-21.714-48.571-48.571v-780.571c0-26.857 21.714-48.571 48.571-48.571h780.571z"],"width":877.7142857142857,"attrs":[],"isMulticolor":false,"isMulticolor2":false,"tags":["facebook-official"],"defaultCode":62000,"grid":14},"attrs":[],"properties":{"name":"facebook-official","id":509,"order":1568,"prevSize":28,"code":62000},"setIdx":1,"setId":3,"iconIdx":509}],"height":1024,"metadata":{"name":"icomoon"},"preferences":{"showGlyphs":true,"showCodes":false,"showQuickUse":true,"showQuickUse2":true,"showSVGs":true,"fontPref":{"prefix":"icon-","metadata":{"fontFamily":"icomoon"},"metrics":{"emSize":1024,"baseline":6.25,"whitespace":50},"embed":false},"imagePref":{"prefix":"icon-","png":true,"useClassSelector":true,"color":0,"bgColor":16777215,"classSelector":".icon","name":"icomoon","height":32,"columns":16,"margin":16},"historySize":50,"showLiga":false,"gridSize":16}}